date;account;category;amount;currency;converted amount;currency;description
11/04/2024;Карточки;Обучение;-9 890;RUB;-9 890;RUB;
12/04/2024;Карточки;Продукты;-1 136;RUB;-1 136;RUB;
12/04/2024;Карточки;Машина;-1 800;RUB;-1 800;RUB;
13/04/2024;Карточки;Продукты;-826;RUB;-826;RUB;
13/04/2024;Карточки;Машина;-100;RUB;-100;RUB;
13/04/2024;Карточки;Жилье;-536;RUB;-536;RUB;
14/04/2024;Карточки;Готовая еда;-2 690;RUB;-2 690;RUB;
14/04/2024;Карточки;Машина;-200;RUB;-200;RUB;
14/04/2024;Карточки;Здоровье;-1 141;RUB;-1 141;RUB;
15/04/2024;Карточки;Остальное;5 000;RUB;5 000;RUB;
15/04/2024;Карточки;Остальное;200;RUB;200;RUB;
15/04/2024;Карточки;Ребёнок;-800;RUB;-800;RUB;
15/04/2024;Карточки;Капитал;-100 000;RUB;-100 000;RUB;
15/04/2024;Карточки;Продукты;-492;RUB;-492;RUB;
15/04/2024;Карточки;Продукты;-622;RUB;-622;RUB;
15/04/2024;Карточки;Зарплата;158 771;RUB;158 771;RUB;
15/04/2024;Карточки;Транспорт;-282;RUB;-282;RUB;
15/04/2024;Карточки;Продукты;-406;RUB;-406;RUB;
16/04/2024;Карточки;Остальное;363;RUB;363;RUB;
16/04/2024;Карточки;Такси;-245;RUB;-245;RUB;
16/04/2024;Карточки;Готовая еда;-2 927;RUB;-2 927;RUB;
16/04/2024;Карточки;Готовая еда;-577;RUB;-577;RUB;
17/04/2024;Карточки;Готовая еда;-500;RUB;-500;RUB;
18/04/2024;Карточки;Проценты;150;RUB;150;RUB;
18/04/2024;Карточки;Гигиена;-1 400;RUB;-1 400;RUB;
18/04/2024;Карточки;Продукты;-1 495;RUB;-1 495;RUB;
18/04/2024;Карточки;Здоровье;-1 471;RUB;-1 471;RUB;
19/04/2024;Карточки;Проценты;550;RUB;550;RUB;
19/04/2024;Карточки;Зарплата;104 000;RUB;104 000;RUB;
19/04/2024;Карточки;Машина;-2 000;RUB;-2 000;RUB;
19/04/2024;Карточки;Здоровье;-720;RUB;-720;RUB;
19/04/2024;Карточки;Жилье;-469;RUB;-469;RUB;
19/04/2024;Карточки;Здоровье;-3 364;RUB;-3 364;RUB;
19/04/2024;Карточки;Машина;-300;RUB;-300;RUB;
20/04/2024;Карточки;Жилье;-7 188;RUB;-7 188;RUB;
20/04/2024;Карточки;Продукты;-328;RUB;-328;RUB;
20/04/2024;Карточки;Продукты;-143;RUB;-143;RUB;
20/04/2024;Карточки;Здоровье;-474;RUB;-474;RUB;
21/04/2024;Карточки;Ребёнок;-10 000;RUB;-10 000;RUB;
03/05/2024;Карточки;Зарплата;86 973;RUB;86 973;RUB;
04/05/2024;Карточки;Связь;-600;RUB;-600;RUB;
04/05/2024;Карточки;Жилье;-232;RUB;-232;RUB;
08/05/2024;Карточки;Счета;-5 417;RUB;-5 417;RUB;
09/05/2024;Карточки;Подарки;-10 000;RUB;-10 000;RUB;
10/05/2024;Карточки;Проценты;1 678;RUB;1 678;RUB;
10/05/2024;Карточки;Одежда;-3 424;RUB;-3 424;RUB;
10/05/2024;Карточки;Подарки;-5 817;RUB;-5 817;RUB;
11/05/2024;Карточки;Такси;-1 293;RUB;-1 293;RUB;
11/05/2024;Карточки;Жилье;-3 461;RUB;-3 461;RUB;
11/05/2024;Карточки;Здоровье;-2 363;RUB;-2 363;RUB;
11/05/2024;Карточки;Кот;-1 816;RUB;-1 816;RUB;
11/05/2024;Карточки;Гигиена;-353;RUB;-353;RUB;
13/05/2024;Карточки;Готовая еда;-772;RUB;-772;RUB;
13/05/2024;Карточки;Продукты;-3 402;RUB;-3 402;RUB;
13/05/2024;Карточки;Жилье;-1 263;RUB;-1 263;RUB;
13/05/2024;Карточки;Жилье;-175;RUB;-175;RUB;
14/05/2024;Карточки;Жилье;-5 200;RUB;-5 200;RUB;
14/05/2024;Карточки;Готовая еда;-760;RUB;-760;RUB;
14/05/2024;Карточки;Капитал;-50 000;RUB;-50 000;RUB;
15/05/2024;Карточки;Готовая еда;-223;RUB;-223;RUB;
15/05/2024;Карточки;Здоровье;-426;RUB;-426;RUB;
15/05/2024;Карточки;Жилье;-8 697;RUB;-8 697;RUB;
16/05/2024;Карточки;Жилье;-2 076;RUB;-2 076;RUB;
17/05/2024;Карточки;Жилье;-5 061;RUB;-5 061;RUB;
17/05/2024;Карточки;Спорт;-266;RUB;-266;RUB;
18/05/2024;Карточки;Жилье;-1 975;RUB;-1 975;RUB;
18/05/2024;Карточки;Машина;-2 819;RUB;-2 819;RUB;
18/05/2024;Карточки;Проценты;1 023;RUB;1 023;RUB;
19/05/2024;Карточки;Проценты;5 580;RUB;5 580;RUB;
19/05/2024;Карточки;Капитал;-5 580;RUB;-5 580;RUB;
19/05/2024;Карточки;Жилье;-20 000;RUB;-20 000;RUB;
19/05/2024;Карточки;Связь;-4 800;RUB;-4 800;RUB;
19/05/2024;Карточки;Продукты;-1 714;RUB;-1 714;RUB;
19/05/2024;Карточки;Машина;-400;RUB;-400;RUB;
19/05/2024;Карточки;Жилье;-3 274;RUB;-3 274;RUB;
20/05/2024;Карточки;Зарплата;38 999;RUB;38 999;RUB;
20/05/2024;Карточки;Техника;-442;RUB;-442;RUB;
21/05/2024;Карточки;Готовая еда;-540;RUB;-540;RUB;
22/05/2024;Карточки;Жилье;-22 968;RUB;-22 968;RUB;
22/05/2024;Карточки;Жилье;-432;RUB;-432;RUB;
23/05/2024;Карточки;Здоровье;-156;RUB;-156;RUB;
23/05/2024;Карточки;Продукты;-823;RUB;-823;RUB;
23/05/2024;Карточки;Готовая еда;-720;RUB;-720;RUB;
23/05/2024;Карточки;Подарки;-500;RUB;-500;RUB;
23/05/2024;Карточки;Здоровье;-1 256;RUB;-1 256;RUB;
23/05/2024;Карточки;Жилье;-220;RUB;-220;RUB;
24/05/2024;Карточки;Продукты;-317;RUB;-317;RUB;
24/05/2024;Карточки;Капитал;-50 000;RUB;-50 000;RUB;
24/05/2024;Карточки;Готовая еда;-183;RUB;-183;RUB;
24/05/2024;Карточки;Здоровье;-6 757;RUB;-6 757;RUB;
25/05/2024;Карточки;Машина;-150;RUB;-150;RUB;
25/05/2024;Карточки;Готовая еда;-2 358;RUB;-2 358;RUB;
25/05/2024;Карточки;Одежда;-2 799;RUB;-2 799;RUB;
25/05/2024;Карточки;Одежда;-7 280;RUB;-7 280;RUB;
25/05/2024;Карточки;Продукты;-2 060;RUB;-2 060;RUB;
26/05/2024;Карточки;Здоровье;-1 420;RUB;-1 420;RUB;
26/05/2024;Карточки;Кот;-264;RUB;-264;RUB;
26/05/2024;Карточки;Жилье;-402;RUB;-402;RUB;
26/05/2024;Карточки;Техника;-309;RUB;-309;RUB;
26/05/2024;Карточки;Одежда;-3 114;RUB;-3 114;RUB;
26/05/2024;Карточки;Жилье;-1 434;RUB;-1 434;RUB;
26/05/2024;Карточки;Здоровье;-1 328;RUB;-1 328;RUB;
27/05/2024;Карточки;Готовая еда;-247;RUB;-247;RUB;
27/05/2024;Карточки;Подарки;-500;RUB;-500;RUB;
28/05/2024;Карточки;Готовая еда;-816;RUB;-816;RUB;
29/05/2024;Карточки;Готовая еда;-610;RUB;-610;RUB;
29/05/2024;Карточки;Зарплата;4 275;RUB;4 275;RUB;
30/05/2024;Карточки;Подарки;-300;RUB;-300;RUB;
30/05/2024;Карточки;Обучение;-9 890;RUB;-9 890;RUB;
30/05/2024;Карточки;Готовая еда;-263;RUB;-263;RUB;
30/05/2024;Карточки;Техника;-3 805;RUB;-3 805;RUB;
31/05/2024;Карточки;Продукты;-1 162;RUB;-1 162;RUB;
31/05/2024;Карточки;Машина;-250;RUB;-250;RUB;
01/06/2024;Карточки;Здоровье;-1 687;RUB;-1 687;RUB;
02/06/2024;Карточки;Здоровье;-16 408;RUB;-16 408;RUB;
02/06/2024;Карточки;Шеринг;-273;RUB;-273;RUB;
02/06/2024;Карточки;Ребёнок;-100;RUB;-100;RUB;
02/06/2024;Карточки;Связь;-1 000;RUB;-1 000;RUB;
02/06/2024;Карточки;Шеринг;-430;RUB;-430;RUB;
03/06/2024;Карточки;Готовая еда;-312;RUB;-312;RUB;
03/06/2024;Карточки;Продукты;-35;RUB;-35;RUB;
03/06/2024;Карточки;Шеринг;-343;RUB;-343;RUB;
03/06/2024;Карточки;Шеринг;-309;RUB;-309;RUB;
04/06/2024;Карточки;Продукты;-553;RUB;-553;RUB;
04/06/2024;Карточки;Готовая еда;-450;RUB;-450;RUB;
04/06/2024;Карточки;Подарки;-1 000;RUB;-1 000;RUB;
05/06/2024;Карточки;Готовая еда;-460;RUB;-460;RUB;
05/06/2024;Карточки;Готовая еда;-400;RUB;-400;RUB;
05/06/2024;Карточки;Олесе;-30 000;RUB;-30 000;RUB;
05/06/2024;Карточки;Капитал;-100 000;RUB;-100 000;RUB;
05/06/2024;Карточки;Зарплата;161 259;RUB;161 259;RUB;
05/06/2024;Карточки;Шеринг;-271;RUB;-271;RUB;
06/06/2024;Карточки;Здоровье;-1 530;RUB;-1 530;RUB;
07/06/2024;Карточки;Машина;-3 800;RUB;-3 800;RUB;
07/06/2024;Карточки;Гигиена;-1 400;RUB;-1 400;RUB;
08/06/2024;Карточки;Жилье;-232;RUB;-232;RUB;
08/06/2024;Карточки;Шеринг;-503;RUB;-503;RUB;
09/06/2024;Карточки;Капитал;-33 869;RUB;-33 869;RUB;
09/06/2024;Карточки;Машина;-5 500;RUB;-5 500;RUB;
09/06/2024;Карточки;Машина;-1 385;RUB;-1 385;RUB;
09/06/2024;Карточки;Музыка;-3 000;RUB;-3 000;RUB;
10/06/2024;Карточки;Проценты;1 560;RUB;1 560;RUB;
10/06/2024;Карточки;Готовая еда;-1 277;RUB;-1 277;RUB;
12/06/2024;Карточки;Готовая еда;-4 610;RUB;-4 610;RUB;
12/06/2024;Карточки;Развлечения;-100;RUB;-100;RUB;
12/06/2024;Карточки;Развлечения;-1 150;RUB;-1 150;RUB;
12/06/2024;Карточки;Жилье;-1 480;RUB;-1 480;RUB;
13/06/2024;Карточки;Продукты;-1 771;RUB;-1 771;RUB;
14/06/2024;Карточки;Обучение;-1 200;RUB;-1 200;RUB;
14/06/2024;Карточки;Жилье;-838;RUB;-838;RUB;
15/06/2024;Карточки;Транспорт;-25 600;RUB;-25 600;RUB;
15/06/2024;Карточки;Шеринг;-5 767;RUB;-5 767;RUB;
15/06/2024;Карточки;Жилье;-1 550;RUB;-1 550;RUB;
15/06/2024;Карточки;Капитал;-50 000;RUB;-50 000;RUB;
16/06/2024;Карточки;Проценты;2 448;RUB;2 448;RUB;
17/06/2024;Карточки;Продукты;-1 060;RUB;-1 060;RUB;
17/06/2024;Карточки;Одежда;-3 950;RUB;-3 950;RUB;
17/06/2024;Карточки;Шеринг;-143;RUB;-143;RUB;
18/06/2024;Карточки;Проценты;1 171;RUB;1 171;RUB;
18/06/2024;Карточки;Машина;-15 000;RUB;-15 000;RUB;
18/06/2024;Карточки;Здоровье;-938;RUB;-938;RUB;
18/06/2024;Карточки;Готовая еда;-439;RUB;-439;RUB;
18/06/2024;Карточки;Остальное;937 000;RUB;937 000;RUB;
18/06/2024;Карточки;Капитал;-940 000;RUB;-940 000;RUB;
19/06/2024;Карточки;Проценты;10 788;RUB;10 788;RUB;
19/06/2024;Карточки;Здоровье;-109;RUB;-109;RUB;
19/06/2024;Карточки;Готовая еда;-560;RUB;-560;RUB;
19/06/2024;Карточки;Транспорт;-282;RUB;-282;RUB;
20/06/2024;Карточки;Готовая еда;-467;RUB;-467;RUB;
20/06/2024;Карточки;Остальное;10 000;RUB;10 000;RUB;
20/06/2024;Карточки;Подарки;-500;RUB;-500;RUB;
20/06/2024;Карточки;Зарплата;104 000;RUB;104 000;RUB;
20/06/2024;Карточки;Продукты;-360;RUB;-360;RUB;
20/06/2024;Карточки;Транспорт;-141;RUB;-141;RUB;
21/06/2024;Карточки;Продукты;-902;RUB;-902;RUB;
21/06/2024;Карточки;Олесе;-20 000;RUB;-20 000;RUB;
22/06/2024;Карточки;Жилье;-640;RUB;-640;RUB;
22/06/2024;Карточки;Развлечения;-540;RUB;-540;RUB;
22/06/2024;Карточки;Шеринг;-1 367;RUB;-1 367;RUB;
22/06/2024;Карточки;Жилье;-182;RUB;-182;RUB;
23/06/2024;Карточки;Продукты;-368;RUB;-368;RUB;
23/06/2024;Карточки;Здоровье;-960;RUB;-960;RUB;
23/06/2024;Карточки;Развлечения;-442;RUB;-442;RUB;
24/06/2024;Карточки;Проценты;5 658;RUB;5 658;RUB;
24/06/2024;Карточки;Развлечения;-166;RUB;-166;RUB;
24/06/2024;Карточки;Жилье;-3 545;RUB;-3 545;RUB;
24/06/2024;Карточки;Гигиена;-5 845;RUB;-5 845;RUB;
24/06/2024;Карточки;Развлечения;-317;RUB;-317;RUB;
25/06/2024;Карточки;Жилье;-180;RUB;-180;RUB;
25/06/2024;Карточки;Продукты;-514;RUB;-514;RUB;
25/06/2024;Карточки;Жилье;-2 078;RUB;-2 078;RUB;
25/06/2024;Карточки;Жилье;-3 634;RUB;-3 634;RUB;
27/06/2024;Карточки;Здоровье;-2 230;RUB;-2 230;RUB;
28/06/2024;Карточки;Обучение;-8 910;RUB;-8 910;RUB;
28/06/2024;Карточки;Машина;-2 410 000;RUB;-2 410 000;RUB;
28/06/2024;Карточки;Из капитала;2 600 000;RUB;2 600 000;RUB;
28/06/2024;Карточки;Остальное;3 879;RUB;3 879;RUB;
28/06/2024;Карточки;Готовая еда;-549;RUB;-549;RUB;
28/06/2024;Карточки;Техника;-568;RUB;-568;RUB;
29/06/2024;Карточки;Машина;-5 812;RUB;-5 812;RUB;
29/06/2024;Карточки;Машина;-39 000;RUB;-39 000;RUB;
29/06/2024;Карточки;Машина;-2 094;RUB;-2 094;RUB;
29/06/2024;Карточки;Техника;-1 689;RUB;-1 689;RUB;
29/06/2024;Карточки;Шеринг;-2 960;RUB;-2 960;RUB;
29/06/2024;Карточки;Машина;-850;RUB;-850;RUB;
30/06/2024;Карточки;Машина;-55 800;RUB;-55 800;RUB;
30/06/2024;Карточки;Бензин;-2 354;RUB;-2 354;RUB;
02/07/2024;Карточки;Готовая еда;-340;RUB;-340;RUB;
03/07/2024;Карточки;Связь;-228;RUB;-228;RUB;
03/07/2024;Карточки;Готовая еда;-535;RUB;-535;RUB;
03/07/2024;Карточки;Машина;-515;RUB;-515;RUB;
04/07/2024;Карточки;Машина;-2 500;RUB;-2 500;RUB;
05/07/2024;Карточки;Олесе;-50 000;RUB;-50 000;RUB;
05/07/2024;Карточки;Зарплата;162 661;RUB;162 661;RUB;
06/07/2024;Карточки;Продукты;-1 572;RUB;-1 572;RUB;
06/07/2024;Карточки;Жилье;-1 201;RUB;-1 201;RUB;
06/07/2024;Карточки;Готовая еда;-2 166;RUB;-2 166;RUB;
06/07/2024;Карточки;Развлечения;-1 600;RUB;-1 600;RUB;
06/07/2024;Карточки;Жилье;-232;RUB;-232;RUB;
07/07/2024;Карточки;Машина;-100;RUB;-100;RUB;
07/07/2024;Карточки;Ребёнок;-500;RUB;-500;RUB;
07/07/2024;Карточки;Развлечения;-400;RUB;-400;RUB;
07/07/2024;Карточки;Развлечения;-300;RUB;-300;RUB;
07/07/2024;Карточки;Ребёнок;-668;RUB;-668;RUB;
08/07/2024;Карточки;Жилье;-907;RUB;-907;RUB;
08/07/2024;Карточки;Остальное;8 100;RUB;8 100;RUB;
08/07/2024;Карточки;Остальное;5 000;RUB;5 000;RUB;
09/07/2024;Карточки;Одежда;-799;RUB;-799;RUB;
09/07/2024;Карточки;Готовая еда;-559;RUB;-559;RUB;
10/07/2024;Карточки;Проценты;7 937;RUB;7 937;RUB;
10/07/2024;Карточки;Готовая еда;-513;RUB;-513;RUB;
11/07/2024;Карточки;Жилье;-1 277;RUB;-1 277;RUB;
11/07/2024;Карточки;Продукты;-1 381;RUB;-1 381;RUB;
12/07/2024;Карточки;Продукты;-303;RUB;-303;RUB;
12/07/2024;Карточки;Остальное;2 500;RUB;2 500;RUB;
12/07/2024;Карточки;Одежда;-1 886;RUB;-1 886;RUB;
12/07/2024;Карточки;Капитал;-25 000;RUB;-25 000;RUB;
12/07/2024;Карточки;Здоровье;-2 145;RUB;-2 145;RUB;
13/07/2024;Карточки;Бензин;-2 063;RUB;-2 063;RUB;
13/07/2024;Карточки;Техника;-29 444;RUB;-29 444;RUB;
14/07/2024;Карточки;Ребёнок;-40;RUB;-40;RUB;
14/07/2024;Карточки;Готовая еда;-210;RUB;-210;RUB;
14/07/2024;Карточки;Готовая еда;-108;RUB;-108;RUB;
14/07/2024;Карточки;Машина;-402;RUB;-402;RUB;
14/07/2024;Карточки;Гигиена;-540;RUB;-540;RUB;
15/07/2024;Карточки;Связь;-500;RUB;-500;RUB;
15/07/2024;Карточки;Машина;-34 665;RUB;-34 665;RUB;
15/07/2024;Карточки;Жилье;-1 200;RUB;-1 200;RUB;
15/07/2024;Карточки;Машина;-2 500;RUB;-2 500;RUB;
15/07/2024;Карточки;Игры;-2 578;RUB;-2 578;RUB;
15/07/2024;Карточки;Шеринг;-414;RUB;-414;RUB;
16/07/2024;Карточки;Жилье;-2 560;RUB;-2 560;RUB;
16/07/2024;Карточки;Готовая еда;-274;RUB;-274;RUB;
17/07/2024;Карточки;Готовая еда;-380;RUB;-380;RUB;
17/07/2024;Карточки;Продукты;-957;RUB;-957;RUB;
18/07/2024;Карточки;Готовая еда;-273;RUB;-273;RUB;
18/07/2024;Карточки;Жилье;-200;RUB;-200;RUB;
19/07/2024;Карточки;Зарплата;124 880;RUB;124 880;RUB;
20/07/2024;Карточки;Машина;-200;RUB;-200;RUB;
20/07/2024;Карточки;Ребёнок;-500;RUB;-500;RUB;
20/07/2024;Карточки;Готовая еда;-1 960;RUB;-1 960;RUB;
20/07/2024;Карточки;Продукты;-125;RUB;-125;RUB;
21/07/2024;Карточки;Жилье;-327;RUB;-327;RUB;
21/07/2024;Карточки;Жилье;-444;RUB;-444;RUB;
21/07/2024;Карточки;Жилье;-350;RUB;-350;RUB;
23/07/2024;Карточки;Транспорт;-202;RUB;-202;RUB;
23/07/2024;Карточки;Готовая еда;-286;RUB;-286;RUB;
24/07/2024;Карточки;Бензин;-3 545;RUB;-3 545;RUB;
24/07/2024;Карточки;Здоровье;-30;RUB;-30;RUB;
24/07/2024;Карточки;Транспорт;-1 081;RUB;-1 081;RUB;
25/07/2024;Карточки;Готовая еда;-559;RUB;-559;RUB;
26/07/2024;Карточки;Машина;-2 450;RUB;-2 450;RUB;
26/07/2024;Карточки;Продукты;-452;RUB;-452;RUB;
26/07/2024;Карточки;Здоровье;-880;RUB;-880;RUB;
26/07/2024;Карточки;Продукты;-65;RUB;-65;RUB;
26/07/2024;Карточки;Готовая еда;-456;RUB;-456;RUB;
26/07/2024;Карточки;Здоровье;-4 500;RUB;-4 500;RUB;
26/07/2024;Карточки;Развлечения;-4 000;RUB;-4 000;RUB;
27/07/2024;Карточки;Готовая еда;-2 455;RUB;-2 455;RUB;
27/07/2024;Карточки;Здоровье;-3 841;RUB;-3 841;RUB;
28/07/2024;Карточки;Транспорт;-16 000;RUB;-16 000;RUB;Велик
28/07/2024;Карточки;Продукты;-102;RUB;-102;RUB;
28/07/2024;Карточки;Одежда;-587;RUB;-587;RUB;
28/07/2024;Карточки;Ребёнок;-341;RUB;-341;RUB;
28/07/2024;Карточки;Гигиена;-277;RUB;-277;RUB;
29/07/2024;Карточки;Здоровье;-2 612;RUB;-2 612;RUB;
30/07/2024;Карточки;Жилье;-2 172;RUB;-2 172;RUB;
31/07/2024;Карточки;Готовая еда;-505;RUB;-505;RUB;
31/07/2024;Карточки;Готовая еда;-250;RUB;-250;RUB;
31/07/2024;Карточки;Готовая еда;-343;RUB;-343;RUB;
31/07/2024;Карточки;Развлечения;-1 175;RUB;-1 175;RUB;
31/07/2024;Карточки;Такси;-1 032;RUB;-1 032;RUB;
31/07/2024;Карточки;Развлечения;-6 100;RUB;-6 100;RUB;
31/07/2024;Карточки;Готовая еда;-780;RUB;-780;RUB;
31/07/2024;Карточки;Куда то;-200;RUB;-200;RUB;
31/07/2024;Карточки;Связь;-228;RUB;-228;RUB;
02/08/2024;Карточки;Гигиена;-1 400;RUB;-1 400;RUB;
02/08/2024;Карточки;Готовая еда;-320;RUB;-320;RUB;
03/08/2024;Карточки;Олесе;-10 000;RUB;-10 000;RUB;
03/08/2024;Карточки;Готовая еда;-198;RUB;-198;RUB;
03/08/2024;Карточки;Жилье;-255;RUB;-255;RUB;
04/08/2024;Карточки;Готовая еда;-248;RUB;-248;RUB;
04/08/2024;Карточки;Продукты;-582;RUB;-582;RUB;
04/08/2024;Карточки;Техника;-2 761;RUB;-2 761;RUB;
04/08/2024;Карточки;Продукты;-459;RUB;-459;RUB;
04/08/2024;Карточки;Техника;-606;RUB;-606;RUB;
04/08/2024;Карточки;Техника;-197;RUB;-197;RUB;
05/08/2024;Карточки;Игры;-1 500;RUB;-1 500;RUB;
05/08/2024;Карточки;Капитал;-100 000;RUB;-100 000;RUB;
05/08/2024;Карточки;Олесе;-50 000;RUB;-50 000;RUB;
05/08/2024;Карточки;Зарплата;195 384;RUB;195 384;RUB;
05/08/2024;Карточки;Подарки;-500;RUB;-500;RUB;
07/08/2024;Карточки;Здоровье;-560;RUB;-560;RUB;
07/08/2024;Карточки;Готовая еда;-370;RUB;-370;RUB;
08/08/2024;Карточки;Обучение;-9 890;RUB;-9 890;RUB;
08/08/2024;Карточки;Готовая еда;-510;RUB;-510;RUB;
09/08/2024;Карточки;Жилье;-919;RUB;-919;RUB;
10/08/2024;Карточки;Готовая еда;-2 009;RUB;-2 009;RUB;
10/08/2024;Карточки;Готовая еда;-399;RUB;-399;RUB;
10/08/2024;Карточки;Проценты;2 558;RUB;2 558;RUB;
10/08/2024;Карточки;Развлечения;-750;RUB;-750;RUB;
10/08/2024;Карточки;Бензин;-3 131;RUB;-3 131;RUB;
11/08/2024;Карточки;Готовая еда;-410;RUB;-410;RUB;
11/08/2024;Карточки;Жилье;-873;RUB;-873;RUB;
12/08/2024;Карточки;Жилье;-2 515;RUB;-2 515;RUB;
13/08/2024;Карточки;Готовая еда;-590;RUB;-590;RUB;
13/08/2024;Карточки;Жилье;-14 661;RUB;-14 661;RUB;
13/08/2024;Карточки;Техника;-391;RUB;-391;RUB;
14/08/2024;Карточки;Готовая еда;-320;RUB;-320;RUB;
15/08/2024;Карточки;Одежда;-1 800;RUB;-1 800;RUB;
15/08/2024;Карточки;Готовая еда;-490;RUB;-490;RUB;
15/08/2024;Карточки;Техника;-474;RUB;-474;RUB;
15/08/2024;Карточки;Техника;-1 939;RUB;-1 939;RUB;
16/08/2024;Карточки;Продукты;-680;RUB;-680;RUB;
16/08/2024;Карточки;Продукты;-2 073;RUB;-2 073;RUB;
16/08/2024;Карточки;Жилье;-1 267;RUB;-1 267;RUB;
16/08/2024;Карточки;Здоровье;-2 226;RUB;-2 226;RUB;
17/08/2024;Карточки;Продукты;-766;RUB;-766;RUB;
17/08/2024;Карточки;Готовая еда;-2 868;RUB;-2 868;RUB;
17/08/2024;Карточки;Одежда;-1 998;RUB;-1 998;RUB;
17/08/2024;Карточки;Ребёнок;-1 590;RUB;-1 590;RUB;
18/08/2024;Карточки;Готовая еда;-3 989;RUB;-3 989;RUB;
18/08/2024;Карточки;Готовая еда;-190;RUB;-190;RUB;
20/08/2024;Карточки;Готовая еда;-311;RUB;-311;RUB;
20/08/2024;Карточки;Зарплата;124 879;RUB;124 879;RUB;
21/08/2024;Карточки;Машина;-3 000;RUB;-3 000;RUB;
21/08/2024;Карточки;Олесе;-2 000;RUB;-2 000;RUB;
21/08/2024;Карточки;Жилье;-2 173;RUB;-2 173;RUB;
21/08/2024;Карточки;Здоровье;-76;RUB;-76;RUB;
22/08/2024;Карточки;Продукты;-855;RUB;-855;RUB;
22/08/2024;Карточки;Продукты;-653;RUB;-653;RUB;
22/08/2024;Карточки;Готовая еда;-490;RUB;-490;RUB;
22/08/2024;Карточки;Зарплата;89 363;RUB;89 363;RUB;
22/08/2024;Карточки;Здоровье;-1 555;RUB;-1 555;RUB;
23/08/2024;Карточки;Продукты;-72;RUB;-72;RUB;
23/08/2024;Карточки;Здоровье;-590;RUB;-590;RUB;
24/08/2024;Карточки;Продукты;-2 179;RUB;-2 179;RUB;
24/08/2024;Карточки;Бензин;-2 537;RUB;-2 537;RUB;
24/08/2024;Карточки;Подарки;-1 530;RUB;-1 530;RUB;
25/08/2024;Карточки;Машина;-223;RUB;-223;RUB;
25/08/2024;Карточки;Машина;-200;RUB;-200;RUB;
25/08/2024;Карточки;Продукты;-638;RUB;-638;RUB;
26/08/2024;Карточки;Готовая еда;-600;RUB;-600;RUB;
27/08/2024;Карточки;Транспорт;-101;RUB;-101;RUB;
27/08/2024;Карточки;Остальное;837;RUB;837;RUB;
27/08/2024;Карточки;Здоровье;-289;RUB;-289;RUB;
27/08/2024;Карточки;Здоровье;-1 555;RUB;-1 555;RUB;
27/08/2024;Карточки;Транспорт;-1 034;RUB;-1 034;RUB;
27/08/2024;Карточки;Машина;-50;RUB;-50;RUB;
27/08/2024;Карточки;Продукты;-50;RUB;-50;RUB;
29/08/2024;Карточки;Счета;-6 000;RUB;-6 000;RUB;Штраф
29/08/2024;Карточки;Такси;-680;RUB;-680;RUB;
29/08/2024;Карточки;Шеринг;-119;RUB;-119;RUB;
29/08/2024;Карточки;Готовая еда;-741;RUB;-741;RUB;
29/08/2024;Карточки;Кот;-3 695;RUB;-3 695;RUB;
30/08/2024;Карточки;Развлечения;-750;RUB;-750;RUB;
31/08/2024;Карточки;Игры;-900;RUB;-900;RUB;
31/08/2024;Карточки;Шеринг;-112;RUB;-112;RUB;
01/09/2024;Карточки;Продукты;-622;RUB;-622;RUB;
01/09/2024;Карточки;Продукты;-599;RUB;-599;RUB;
01/09/2024;Карточки;Такси;-303;RUB;-303;RUB;
01/09/2024;Карточки;Готовая еда;-2 052;RUB;-2 052;RUB;
02/09/2024;Карточки;Готовая еда;-10 100;RUB;-10 100;RUB;
02/09/2024;Карточки;Здоровье;-60;RUB;-60;RUB;
02/09/2024;Карточки;Продукты;-341;RUB;-341;RUB;
02/09/2024;Карточки;Родители;20 000;RUB;20 000;RUB;
03/09/2024;Карточки;Машина;-2 522;RUB;-2 522;RUB;
03/09/2024;Карточки;Игры;-1 701;RUB;-1 701;RUB;
03/09/2024;Карточки;Здоровье;-1 196;RUB;-1 196;RUB;
04/09/2024;Карточки;Продукты;-1 665;RUB;-1 665;RUB;
04/09/2024;Карточки;Здоровье;-579;RUB;-579;RUB;
04/09/2024;Карточки;Ребёнок;-300;RUB;-300;RUB;
05/09/2024;Карточки;Олесе;-50 000;RUB;-50 000;RUB;
05/09/2024;Карточки;Отпуск;-100 000;RUB;-100 000;RUB;
05/09/2024;Карточки;Зарплата;158 938;RUB;158 938;RUB;
05/09/2024;Карточки;Продукты;-623;RUB;-623;RUB;
05/09/2024;Карточки;Развлечения;-500;RUB;-500;RUB;
05/09/2024;Карточки;Зарплата;7 012;RUB;7 012;RUB;
05/09/2024;Карточки;Готовая еда;-3 910;RUB;-3 910;RUB;
05/09/2024;Карточки;Готовая еда;-2 080;RUB;-2 080;RUB;
05/09/2024;Карточки;Транспорт;-250;RUB;-250;RUB;
05/09/2024;Карточки;Жилье;-255;RUB;-255;RUB;
05/09/2024;Карточки;Капитал;-100 000;RUB;-100 000;RUB;
06/09/2024;Карточки;Развлечения;-700;RUB;-700;RUB;
06/09/2024;Карточки;Ребёнок;-750;RUB;-750;RUB;
06/09/2024;Карточки;Такси;-202;RUB;-202;RUB;
06/09/2024;Карточки;Готовая еда;-1 075;RUB;-1 075;RUB;
06/09/2024;Карточки;Готовая еда;-229;RUB;-229;RUB;
06/09/2024;Карточки;Ребёнок;-200;RUB;-200;RUB;
07/09/2024;Карточки;Такси;-158;RUB;-158;RUB;
07/09/2024;Карточки;Развлечения;-990;RUB;-990;RUB;
08/09/2024;Карточки;Шеринг;-1 002;RUB;-1 002;RUB;
09/09/2024;Карточки;Подарки;-500;RUB;-500;RUB;
10/09/2024;Карточки;Проценты;1 327;RUB;1 327;RUB;
10/09/2024;Карточки;Готовая еда;-4 205;RUB;-4 205;RUB;
10/09/2024;Карточки;Счета;-188 712;RUB;-188 712;RUB;Папе 
10/09/2024;Карточки;Техника;-145;RUB;-145;RUB;
11/09/2024;Карточки;Подарки;-3 070;RUB;-3 070;RUB;
11/09/2024;Карточки;Здоровье;-435;RUB;-435;RUB;
11/09/2024;Карточки;Здоровье;-1 519;RUB;-1 519;RUB;
12/09/2024;Карточки;Проценты;100;RUB;100;RUB;
12/09/2024;Карточки;Здоровье;-418;RUB;-418;RUB;
13/09/2024;Карточки;Жилье;-197;RUB;-197;RUB;
13/09/2024;Карточки;Машина;-1 900;RUB;-1 900;RUB;
14/09/2024;Карточки;Бензин;-3 062;RUB;-3 062;RUB;
14/09/2024;Карточки;Готовая еда;-1 454;RUB;-1 454;RUB;
14/09/2024;Карточки;Олесе;-4 500;RUB;-4 500;RUB;
15/09/2024;Карточки;Продукты;-1 644;RUB;-1 644;RUB;
15/09/2024;Карточки;Ребёнок;-2 140;RUB;-2 140;RUB;
15/09/2024;Карточки;Здоровье;-774;RUB;-774;RUB;
17/09/2024;Карточки;Жилье;-2 224;RUB;-2 224;RUB;
17/09/2024;Карточки;Гигиена;-1 400;RUB;-1 400;RUB;
17/09/2024;Карточки;Машина;-6 000;RUB;-6 000;RUB;
17/09/2024;Карточки;Готовая еда;-490;RUB;-490;RUB;
17/09/2024;Карточки;Куда то;-1 010;RUB;-1 010;RUB;
18/09/2024;Карточки;Жилье;-2 175;RUB;-2 175;RUB;
18/09/2024;Карточки;Готовая еда;-490;RUB;-490;RUB;
18/09/2024;Карточки;Остальное;3 700;RUB;3 700;RUB;
18/09/2024;Карточки;Жилье;-1 300;RUB;-1 300;RUB;
19/09/2024;Карточки;Обучение;-9 890;RUB;-9 890;RUB;
19/09/2024;Карточки;Готовая еда;-630;RUB;-630;RUB;
20/09/2024;Карточки;Продукты;-418;RUB;-418;RUB;
20/09/2024;Карточки;Зарплата;62 440;RUB;62 440;RUB;
21/09/2024;Карточки;Развлечения;-9 471;RUB;-9 471;RUB;
21/09/2024;Карточки;Развлечения;-2 890;RUB;-2 890;RUB;
21/09/2024;Карточки;Счета;-300;RUB;-300;RUB;
21/09/2024;Карточки;Ребёнок;-2 900;RUB;-2 900;RUB;
22/09/2024;Карточки;Продукты;-1 952;RUB;-1 952;RUB;
22/09/2024;Карточки;Развлечения;-300;RUB;-300;RUB;
23/09/2024;Карточки;Жилье;-580;RUB;-580;RUB;
24/09/2024;Карточки;Олесе;-4 000;RUB;-4 000;RUB;
24/09/2024;Карточки;Готовая еда;-290;RUB;-290;RUB;
24/09/2024;Карточки;Здоровье;-210;RUB;-210;RUB;
25/09/2024;Карточки;Транспорт;-564;RUB;-564;RUB;
25/09/2024;Карточки;Развлечения;-800;RUB;-800;RUB;
25/09/2024;Карточки;Счета;-6 343;RUB;-6 343;RUB;
25/09/2024;Карточки;Одежда;-400;RUB;-400;RUB;
26/09/2024;Карточки;Бензин;-2 430;RUB;-2 430;RUB;
26/09/2024;Карточки;Готовая еда;-464;RUB;-464;RUB;
26/09/2024;Карточки;Машина;-200;RUB;-200;RUB;
27/09/2024;Карточки;Продукты;-365;RUB;-365;RUB;
28/09/2024;Карточки;Жилье;-6 850;RUB;-6 850;RUB;
28/09/2024;Карточки;Здоровье;-4 257;RUB;-4 257;RUB;
29/09/2024;Карточки;Продукты;-2 441;RUB;-2 441;RUB;
29/09/2024;Карточки;Связь;-2 000;RUB;-2 000;RUB;
29/09/2024;Карточки;Гигиена;-7 414;RUB;-7 414;RUB;
01/10/2024;Карточки;Транспорт;-70;RUB;-70;RUB;
01/10/2024;Карточки;Готовая еда;-400;RUB;-400;RUB;
01/10/2024;Карточки;Подарки;-1 500;RUB;-1 500;RUB;
01/10/2024;Карточки;Куда то;-100;RUB;-100;RUB;
02/10/2024;Карточки;Продукты;-366;RUB;-366;RUB;
03/10/2024;Карточки;Готовая еда;-193;RUB;-193;RUB;
03/10/2024;Карточки;Готовая еда;-320;RUB;-320;RUB;
03/10/2024;Карточки;Жилье;-255;RUB;-255;RUB;
04/10/2024;Карточки;Капитал;-100 000;RUB;-100 000;RUB;
04/10/2024;Карточки;Олесе;-50 000;RUB;-50 000;RUB;
04/10/2024;Карточки;Зарплата;181 036;RUB;181 036;RUB;
04/10/2024;Карточки;Техника;-476;RUB;-476;RUB;
04/10/2024;Карточки;Машина;-250;RUB;-250;RUB;
05/10/2024;Карточки;Здоровье;-1 850;RUB;-1 850;RUB;
05/10/2024;Карточки;Машина;-100;RUB;-100;RUB;
05/10/2024;Карточки;Продукты;-1 995;RUB;-1 995;RUB;
06/10/2024;Карточки;Готовая еда;-407;RUB;-407;RUB;
06/10/2024;Карточки;Готовая еда;-2 120;RUB;-2 120;RUB;
07/10/2024;Карточки;Продукты;-539;RUB;-539;RUB;
07/10/2024;Карточки;Здоровье;-1 420;RUB;-1 420;RUB;
07/10/2024;Карточки;Остальное;1 555;RUB;1 555;RUB;
07/10/2024;Карточки;Жилье;-361;RUB;-361;RUB;
08/10/2024;Карточки;Шеринг;-110;RUB;-110;RUB;
08/10/2024;Карточки;Готовая еда;-366;RUB;-366;RUB;
08/10/2024;Карточки;Машина;-210;RUB;-210;RUB;
09/10/2024;Карточки;Остальное;2 790;RUB;2 790;RUB;
09/10/2024;Карточки;Шеринг;-110;RUB;-110;RUB;
10/10/2024;Карточки;Готовая еда;-114;RUB;-114;RUB;
10/10/2024;Карточки;Проценты;846;RUB;846;RUB;
10/10/2024;Карточки;Здоровье;-606;RUB;-606;RUB;
12/10/2024;Карточки;Продукты;-428;RUB;-428;RUB;
12/10/2024;Карточки;Продукты;-1 695;RUB;-1 695;RUB;
13/10/2024;Карточки;Готовая еда;-1 650;RUB;-1 650;RUB;
14/10/2024;Карточки;Продукты;-1 351;RUB;-1 351;RUB;
14/10/2024;Карточки;Жилье;-5 660;RUB;-5 660;RUB;
15/10/2024;Карточки;Готовая еда;-332;RUB;-332;RUB;
16/10/2024;Карточки;Шеринг;-100;RUB;-100;RUB;
16/10/2024;Карточки;Готовая еда;-530;RUB;-530;RUB;
16/10/2024;Карточки;Жилье;-2 149;RUB;-2 149;RUB;
17/10/2024;Карточки;Обучение;-6 490;RUB;-6 490;RUB;
17/10/2024;Карточки;Продукты;-2 030;RUB;-2 030;RUB;
17/10/2024;Карточки;Шеринг;-100;RUB;-100;RUB;
17/10/2024;Карточки;Готовая еда;-490;RUB;-490;RUB;
18/10/2024;Карточки;Зарплата;124 880;RUB;124 880;RUB;
19/10/2024;Карточки;Машина;-100;RUB;-100;RUB;
19/10/2024;Карточки;Бензин;-1 566;RUB;-1 566;RUB;
20/10/2024;Карточки;Готовая еда;-2 250;RUB;-2 250;RUB;
20/10/2024;Карточки;Отпуск;-100 000;RUB;-100 000;RUB;
20/10/2024;Карточки;Продукты;-1 218;RUB;-1 218;RUB;
20/10/2024;Карточки;Музыка;-2 529;RUB;-2 529;RUB;
21/10/2024;Карточки;Продукты;-1 880;RUB;-1 880;RUB;
21/10/2024;Карточки;Жилье;-512;RUB;-512;RUB;
23/10/2024;Карточки;Подарки;-8 000;RUB;-8 000;RUB;
23/10/2024;Карточки;Транспорт;-987;RUB;-987;RUB;
24/10/2024;Карточки;Продукты;-1 991;RUB;-1 991;RUB;
24/10/2024;Карточки;Здоровье;-243;RUB;-243;RUB;
24/10/2024;Карточки;Одежда;-428;RUB;-428;RUB;
24/10/2024;Карточки;Подарки;-436;RUB;-436;RUB;
24/10/2024;Карточки;Одежда;-365;RUB;-365;RUB;
24/10/2024;Карточки;Ребёнок;-244;RUB;-244;RUB;
25/10/2024;Карточки;Готовая еда;-607;RUB;-607;RUB;
26/10/2024;Карточки;Подарки;-754;RUB;-754;RUB;
28/10/2024;Карточки;Транспорт;-12 554;RUB;-12 554;RUB;
28/10/2024;Карточки;Транспорт;-323;RUB;-323;RUB;
28/10/2024;Карточки;Подарки;-3 877;RUB;-3 877;RUB;
29/10/2024;Карточки;Продукты;-1 349;RUB;-1 349;RUB;
29/10/2024;Карточки;Жилье;-2 178;RUB;-2 178;RUB;
30/10/2024;Карточки;Подарки;-11 000;RUB;-11 000;RUB;
30/10/2024;Карточки;Готовая еда;-228;RUB;-228;RUB;
31/10/2024;Карточки;Готовая еда;-539;RUB;-539;RUB;
01/11/2024;Карточки;Продукты;-1 079;RUB;-1 079;RUB;
01/11/2024;Карточки;Жилье;-595;RUB;-595;RUB;
01/11/2024;Карточки;Жилье;-572;RUB;-572;RUB;
02/11/2024;Карточки;Ребёнок;-1 100;RUB;-1 100;RUB;
02/11/2024;Карточки;Развлечения;-1 300;RUB;-1 300;RUB;
02/11/2024;Карточки;Подписки;-1 990;RUB;-1 990;RUB;
02/11/2024;Карточки;Техника;-500;RUB;-500;RUB;
02/11/2024;Карточки;Гигиена;-226;RUB;-226;RUB;
03/11/2024;Карточки;Жилье;-255;RUB;-255;RUB;
03/11/2024;Карточки;Машина;-5 000;RUB;-5 000;RUB;
03/11/2024;Карточки;Машина;-2 937;RUB;-2 937;RUB;
04/11/2024;Карточки;Здоровье;-1 200;RUB;-1 200;RUB;
04/11/2024;Карточки;Продукты;-1 107;RUB;-1 107;RUB;
04/11/2024;Карточки;Жилье;-1 392;RUB;-1 392;RUB;
05/11/2024;Карточки;Зарплата;195 383;RUB;195 383;RUB;
05/11/2024;Карточки;Капитал;-100 000;RUB;-100 000;RUB;
05/11/2024;Карточки;Олесе;-50 000;RUB;-50 000;RUB;
05/11/2024;Карточки;Готовая еда;-263;RUB;-263;RUB;
05/11/2024;Карточки;Здоровье;-1 380;RUB;-1 380;RUB;
05/11/2024;Карточки;Здоровье;-6 423;RUB;-6 423;RUB;
06/11/2024;Карточки;Здоровье;-300;RUB;-300;RUB;
06/11/2024;Карточки;Готовая еда;-900;RUB;-900;RUB;
07/11/2024;Карточки;Готовая еда;-564;RUB;-564;RUB;
08/11/2024;Карточки;Продукты;-751;RUB;-751;RUB;
09/11/2024;Карточки;Продукты;-199;RUB;-199;RUB;
09/11/2024;Карточки;Подарки;-873;RUB;-873;RUB;
09/11/2024;Карточки;Такси;-761;RUB;-761;RUB;
10/11/2024;Карточки;Остальное;2 000;RUB;2 000;RUB;
11/11/2024;Карточки;Готовая еда;-4 561;RUB;-4 561;RUB;
12/11/2024;Карточки;Здоровье;-1 950;RUB;-1 950;RUB;
12/11/2024;Карточки;Такси;-592;RUB;-592;RUB;
13/11/2024;Карточки;Подарки;-1 000;RUB;-1 000;RUB;
14/11/2024;Карточки;Здоровье;-404;RUB;-404;RUB;
14/11/2024;Карточки;Жилье;-469;RUB;-469;RUB;
14/11/2024;Карточки;Гигиена;-381;RUB;-381;RUB;
16/11/2024;Карточки;Ребёнок;-100;RUB;-100;RUB;
16/11/2024;Карточки;Ребёнок;-200;RUB;-200;RUB;
16/11/2024;Карточки;Готовая еда;-1 530;RUB;-1 530;RUB;
17/11/2024;Карточки;Жилье;-923;RUB;-923;RUB;
17/11/2024;Карточки;Жилье;-745;RUB;-745;RUB;
18/11/2024;Карточки;Продукты;-1 195;RUB;-1 195;RUB;
18/11/2024;Карточки;Машина;-4 140;RUB;-4 140;RUB;
18/11/2024;Карточки;Шеринг;-504;RUB;-504;RUB;
18/11/2024;Карточки;Шеринг;-564;RUB;-564;RUB;
18/11/2024;Карточки;Готовая еда;-349;RUB;-349;RUB;
18/11/2024;Карточки;Готовая еда;-183;RUB;-183;RUB;
19/11/2024;Карточки;Готовая еда;-263;RUB;-263;RUB;
19/11/2024;Карточки;Счета;-250;RUB;-250;RUB;
20/11/2024;Карточки;Зарплата;124 880;RUB;124 880;RUB;
20/11/2024;Карточки;Проценты;1 524;RUB;1 524;RUB;
21/11/2024;Карточки;Готовая еда;-380;RUB;-380;RUB;
21/11/2024;Карточки;Здоровье;-149;RUB;-149;RUB;
21/11/2024;Карточки;Готовая еда;-480;RUB;-480;RUB;
21/11/2024;Карточки;Готовая еда;-329;RUB;-329;RUB;
22/11/2024;Карточки;Отпуск;-100 000;RUB;-100 000;RUB;
22/11/2024;Карточки;Жилье;-4 217;RUB;-4 217;RUB;
22/11/2024;Карточки;Жилье;-2 181;RUB;-2 181;RUB;
22/11/2024;Карточки;Машина;-1 500;RUB;-1 500;RUB;
22/11/2024;Карточки;Куда то;-700;RUB;-700;RUB;
23/11/2024;Карточки;Машина;-2 370;RUB;-2 370;RUB;
23/11/2024;Карточки;Готовая еда;-585;RUB;-585;RUB;
23/11/2024;Карточки;Машина;-200;RUB;-200;RUB;
23/11/2024;Карточки;Машина;-50;RUB;-50;RUB;
24/11/2024;Карточки;Продукты;-1 054;RUB;-1 054;RUB;
24/11/2024;Карточки;Машина;-700;RUB;-700;RUB;
25/11/2024;Карточки;Техника;-8 199;RUB;-8 199;RUB;
25/11/2024;Карточки;Здоровье;-165;RUB;-165;RUB;
25/11/2024;Карточки;Ребёнок;-100;RUB;-100;RUB;
25/11/2024;Карточки;Проценты;155;RUB;155;RUB;
25/11/2024;Карточки;Здоровье;-1 555;RUB;-1 555;RUB;
25/11/2024;Карточки;Готовая еда;-49;RUB;-49;RUB;
25/11/2024;Карточки;Проценты;1 458;RUB;1 458;RUB;
26/11/2024;Карточки;Готовая еда;-490;RUB;-490;RUB;
27/11/2024;Карточки;Шеринг;-150;RUB;-150;RUB;
27/11/2024;Карточки;Готовая еда;-678;RUB;-678;RUB;
28/11/2024;Карточки;Шеринг;-150;RUB;-150;RUB;
28/11/2024;Карточки;Готовая еда;-470;RUB;-470;RUB;
28/11/2024;Карточки;Одежда;-2 902;RUB;-2 902;RUB;
29/11/2024;Карточки;Подарки;-500;RUB;-500;RUB;
30/11/2024;Карточки;Продукты;-1 273;RUB;-1 273;RUB;
01/12/2024;Карточки;Гигиена;-1 500;RUB;-1 500;RUB;
02/12/2024;Карточки;Ребёнок;-213;RUB;-213;RUB;
02/12/2024;Карточки;Жилье;-345;RUB;-345;RUB;
03/12/2024;Карточки;Готовая еда;-315;RUB;-315;RUB;
03/12/2024;Карточки;Готовая еда;-490;RUB;-490;RUB;
04/12/2024;Карточки;Здоровье;-123;RUB;-123;RUB;
04/12/2024;Карточки;Здоровье;-1 198;RUB;-1 198;RUB;
04/12/2024;Карточки;Готовая еда;-830;RUB;-830;RUB;
04/12/2024;Карточки;Ребёнок;-212;RUB;-212;RUB;
05/12/2024;Карточки;Олесе;-50 000;RUB;-50 000;RUB;
05/12/2024;Карточки;Капитал;-100 000;RUB;-100 000;RUB;
05/12/2024;Карточки;Зарплата;194 683;RUB;194 683;RUB;
05/12/2024;Карточки;Подарки;-2 336;RUB;-2 336;RUB;
05/12/2024;Карточки;Подарки;-1 840;RUB;-1 840;RUB;
06/12/2024;Карточки;Развлечения;-3 213;RUB;-3 213;RUB;
06/12/2024;Карточки;Жилье;-255;RUB;-255;RUB;
06/12/2024;Карточки;Ребёнок;-273;RUB;-273;RUB;
06/12/2024;Карточки;Транспорт;-1 457;RUB;-1 457;RUB;
07/12/2024;Карточки;Продукты;-5 359;RUB;-5 359;RUB;
07/12/2024;Карточки;Развлечения;-2 100;RUB;-2 100;RUB;
07/12/2024;Карточки;Готовая еда;-680;RUB;-680;RUB;
07/12/2024;Карточки;Готовая еда;-350;RUB;-350;RUB;
07/12/2024;Карточки;Готовая еда;-490;RUB;-490;RUB;
07/12/2024;Карточки;Готовая еда;-360;RUB;-360;RUB;
07/12/2024;Карточки;Готовая еда;-250;RUB;-250;RUB;
07/12/2024;Карточки;Готовая еда;-350;RUB;-350;RUB;
09/12/2024;Карточки;Музыка;-345;RUB;-345;RUB;
10/12/2024;Карточки;Проценты;915;RUB;915;RUB;
10/12/2024;Карточки;Готовая еда;-400;RUB;-400;RUB;
11/12/2024;Карточки;Готовая еда;-490;RUB;-490;RUB;
11/12/2024;Карточки;Ребёнок;-5 000;RUB;-5 000;RUB;
11/12/2024;Карточки;Здоровье;-4 880;RUB;-4 880;RUB;
12/12/2024;Карточки;Готовая еда;-560;RUB;-560;RUB;
12/12/2024;Карточки;Продукты;-2 746;RUB;-2 746;RUB;
12/12/2024;Карточки;Обучение;-6 500;RUB;-6 500;RUB;
13/12/2024;Карточки;Машина;-200;RUB;-200;RUB;
13/12/2024;Карточки;Готовая еда;-6 260;RUB;-6 260;RUB;
13/12/2024;Карточки;Машина;-2 448;RUB;-2 448;RUB;
15/12/2024;Карточки;Готовая еда;-300;RUB;-300;RUB;
15/12/2024;Карточки;Продукты;-1 148;RUB;-1 148;RUB;
15/12/2024;Карточки;Готовая еда;-143;RUB;-143;RUB;
15/12/2024;Карточки;Развлечения;-3 420;RUB;-3 420;RUB;
16/12/2024;Карточки;Остальное;2 500;RUB;2 500;RUB;
16/12/2024;Карточки;Жилье;-382;RUB;-382;RUB;
16/12/2024;Карточки;Подписки;-2 390;RUB;-2 390;RUB;
16/12/2024;Карточки;Такси;-454;RUB;-454;RUB;
17/12/2024;Карточки;Готовая еда;-490;RUB;-490;RUB;
17/12/2024;Карточки;Гигиена;-669;RUB;-669;RUB;
17/12/2024;Карточки;Жилье;-189;RUB;-189;RUB;
17/12/2024;Карточки;Готовая еда;-467;RUB;-467;RUB;
18/12/2024;Карточки;Готовая еда;-346;RUB;-346;RUB;
18/12/2024;Карточки;Готовая еда;-490;RUB;-490;RUB;
19/12/2024;Карточки;Зарплата;1 300;RUB;1 300;RUB;
19/12/2024;Карточки;Транспорт;-70;RUB;-70;RUB;
19/12/2024;Карточки;Готовая еда;-618;RUB;-618;RUB;
19/12/2024;Карточки;Проценты;1 500;RUB;1 500;RUB;
20/12/2024;Карточки;Подарки;-2 331;RUB;-2 331;RUB;
20/12/2024;Карточки;Продукты;-1 610;RUB;-1 610;RUB;
20/12/2024;Карточки;Отпуск;-100 000;RUB;-100 000;RUB;
20/12/2024;Карточки;Зарплата;124 879;RUB;124 879;RUB;
20/12/2024;Карточки;Проценты;1 497;RUB;1 497;RUB;
21/12/2024;Карточки;Подарки;-2 197;RUB;-2 197;RUB;
22/12/2024;Карточки;Готовая еда;-915;RUB;-915;RUB;
22/12/2024;Карточки;Готовая еда;-229;RUB;-229;RUB;
22/12/2024;Карточки;Транспорт;-752;RUB;-752;RUB;